ID,Community,Income,Age,Purchases,Most Purchased Product,Most Purchased Frequency,Repeat Buyer
BAR01,Barcelona,39339,26,"{'Laptop': 1, 'Phone': 0, 'Printer': 2, 'Television': 2, 'Washing Machine': 3}",Washing Machine,3,True
BAR02,Barcelona,56789,35,"{'Laptop': 3, 'Phone': 1, 'Printer': 0, 'Television': 0, 'Washing Machine': 3}",Laptop,3,True
BAR03,Barcelona,47847,35,"{'Laptop': 1, 'Phone': 0, 'Printer': 2, 'Television': 3, 'Washing Machine': 0}",Television,3,True
BAR04,Barcelona,82866,40,"{'Laptop': 2, 'Phone': 1, 'Printer': 3, 'Television': 2, 'Washing Machine': 1}",Printer,3,True
BAR05,Barcelona,64933,32,"{'Laptop': 2, 'Phone': 1, 'Printer': 2, 'Television': 0, 'Washing Machine': 2}",Laptop,2,True
BAR06,Barcelona,78640,45,"{'Laptop': 2, 'Phone': 0, 'Printer': 1, 'Television': 1, 'Washing Machine': 0}",Laptop,2,True
BAR07,Barcelona,86294,64,"{'Laptop': 1, 'Phone': 1, 'Printer': 1, 'Television': 0, 'Washing Machine': 3}",Washing Machine,3,True
BAR08,Barcelona,20091,27,"{'Laptop': 0, 'Phone': 1, 'Printer': 3, 'Television': 0, 'Washing Machine': 2}",Printer,3,True
BAR09,Barcelona,56785,18,"{'Laptop': 0, 'Phone': 0, 'Printer': 2, 'Television': 0, 'Washing Machine': 0}",Printer,2,False
BAR10,Barcelona,51775,25,"{'Laptop': 2, 'Phone': 1, 'Printer': 1, 'Television': 3, 'Washing Machine': 3}",Television,3,True
BAR11,Barcelona,60069,64,"{'Laptop': 1, 'Phone': 2, 'Printer': 3, 'Television': 2, 'Washing Machine': 0}",Printer,3,True
BAR12,Barcelona,93504,66,"{'Laptop': 1, 'Phone': 1, 'Printer': 2, 'Television': 2, 'Washing Machine': 0}",Printer,2,True
BAR13,Barcelona,56216,18,"{'Laptop': 2, 'Phone': 3, 'Printer': 3, 'Television': 3, 'Washing Machine': 1}",Phone,3,True
BAR14,Barcelona,61379,53,"{'Laptop': 0, 'Phone': 3, 'Printer': 1, 'Television': 2, 'Washing Machine': 1}",Phone,3,True
BAR15,Barcelona,78154,20,"{'Laptop': 2, 'Phone': 1, 'Printer': 2, 'Television': 1, 'Washing Machine': 0}",Laptop,2,True
BAR16,Barcelona,67244,33,"{'Laptop': 3, 'Phone': 0, 'Printer': 2, 'Television': 1, 'Washing Machine': 0}",Laptop,3,True
BAR17,Barcelona,69874,36,"{'Laptop': 0, 'Phone': 2, 'Printer': 2, 'Television': 1, 'Washing Machine': 2}",Phone,2,True
BAR18,Barcelona,56645,18,"{'Laptop': 0, 'Phone': 2, 'Printer': 3, 'Television': 0, 'Washing Machine': 2}",Printer,3,True
BAR19,Barcelona,25022,27,"{'Laptop': 0, 'Phone': 3, 'Printer': 1, 'Television': 3, 'Washing Machine': 0}",Phone,3,True
BAR20,Barcelona,36613,69,"{'Laptop': 0, 'Phone': 2, 'Printer': 0, 'Television': 1, 'Washing Machine': 2}",Phone,2,True
BAR21,Barcelona,73554,19,"{'Laptop': 2, 'Phone': 1, 'Printer': 1, 'Television': 0, 'Washing Machine': 0}",Laptop,2,False
BAR22,Barcelona,71993,67,"{'Laptop': 3, 'Phone': 1, 'Printer': 1, 'Television': 2, 'Washing Machine': 2}",Laptop,3,True
BAR23,Barcelona,75523,24,"{'Laptop': 3, 'Phone': 0, 'Printer': 2, 'Television': 3, 'Washing Machine': 1}",Laptop,3,True
BAR24,Barcelona,40679,53,"{'Laptop': 1, 'Phone': 0, 'Printer': 2, 'Television': 3, 'Washing Machine': 1}",Television,3,True
BAR25,Barcelona,40482,20,"{'Laptop': 3, 'Phone': 3, 'Printer': 1, 'Television': 1, 'Washing Machine': 1}",Laptop,3,True
BAR26,Barcelona,98383,62,"{'Laptop': 3, 'Phone': 0, 'Printer': 3, 'Television': 0, 'Washing Machine': 0}",Laptop,3,False
BAR27,Barcelona,72046,45,"{'Laptop': 2, 'Phone': 3, 'Printer': 3, 'Television': 0, 'Washing Machine': 3}",Phone,3,True
BAR28,Barcelona,23027,49,"{'Laptop': 1, 'Phone': 0, 'Printer': 1, 'Television': 1, 'Washing Machine': 2}",Washing Machine,2,True
BAR29,Barcelona,89860,23,"{'Laptop': 1, 'Phone': 0, 'Printer': 2, 'Television': 0, 'Washing Machine': 0}",Printer,2,False
BAR30,Barcelona,88910,28,"{'Laptop': 2, 'Phone': 2, 'Printer': 0, 'Television': 2, 'Washing Machine': 3}",Washing Machine,3,True
BAR31,Barcelona,28728,46,"{'Laptop': 2, 'Phone': 0, 'Printer': 2, 'Television': 3, 'Washing Machine': 2}",Television,3,True
BAR32,Barcelona,36398,28,"{'Laptop': 2, 'Phone': 2, 'Printer': 0, 'Television': 2, 'Washing Machine': 2}",Laptop,2,True
BAR33,Barcelona,98685,45,"{'Laptop': 3, 'Phone': 2, 'Printer': 3, 'Television': 2, 'Washing Machine': 3}",Laptop,3,True
BAR34,Barcelona,30488,63,"{'Laptop': 1, 'Phone': 2, 'Printer': 2, 'Television': 3, 'Washing Machine': 3}",Television,3,True
BAR35,Barcelona,79566,68,"{'Laptop': 1, 'Phone': 0, 'Printer': 1, 'Television': 1, 'Washing Machine': 1}",Laptop,1,True
BAR36,Barcelona,86662,23,"{'Laptop': 3, 'Phone': 3, 'Printer': 0, 'Television': 1, 'Washing Machine': 2}",Laptop,3,True
BAR37,Barcelona,27749,37,"{'Laptop': 3, 'Phone': 1, 'Printer': 0, 'Television': 1, 'Washing Machine': 1}",Laptop,3,True
BAR38,Barcelona,67152,23,"{'Laptop': 2, 'Phone': 2, 'Printer': 1, 'Television': 1, 'Washing Machine': 2}",Laptop,2,True
BAR39,Barcelona,48484,49,"{'Laptop': 1, 'Phone': 0, 'Printer': 0, 'Television': 0, 'Washing Machine': 0}",Laptop,1,False
BAR40,Barcelona,36340,24,"{'Laptop': 3, 'Phone': 2, 'Printer': 1, 'Television': 2, 'Washing Machine': 0}",Laptop,3,True
BAR41,Barcelona,94806,51,"{'Laptop': 1, 'Phone': 1, 'Printer': 1, 'Television': 2, 'Washing Machine': 3}",Washing Machine,3,True
BAR42,Barcelona,96157,60,"{'Laptop': 2, 'Phone': 3, 'Printer': 0, 'Television': 2, 'Washing Machine': 3}",Phone,3,True
BAR43,Barcelona,50698,22,"{'Laptop': 0, 'Phone': 0, 'Printer': 1, 'Television': 2, 'Washing Machine': 3}",Washing Machine,3,True
BAR44,Barcelona,93475,44,"{'Laptop': 0, 'Phone': 0, 'Printer': 1, 'Television': 3, 'Washing Machine': 0}",Television,3,True
BAR45,Barcelona,47779,61,"{'Laptop': 1, 'Phone': 2, 'Printer': 3, 'Television': 1, 'Washing Machine': 2}",Printer,3,True
BAR46,Barcelona,89414,63,"{'Laptop': 3, 'Phone': 3, 'Printer': 2, 'Television': 0, 'Washing Machine': 1}",Laptop,3,True
BAR47,Barcelona,72188,48,"{'Laptop': 0, 'Phone': 1, 'Printer': 3, 'Television': 0, 'Washing Machine': 3}",Printer,3,True
BAR48,Barcelona,26486,29,"{'Laptop': 1, 'Phone': 3, 'Printer': 3, 'Television': 1, 'Washing Machine': 1}",Phone,3,True
BAR49,Barcelona,42898,37,"{'Laptop': 1, 'Phone': 2, 'Printer': 0, 'Television': 3, 'Washing Machine': 0}",Television,3,True
BAR50,Barcelona,42543,56,"{'Laptop': 0, 'Phone': 3, 'Printer': 3, 'Television': 0, 'Washing Machine': 2}",Phone,3,True
BAR51,Barcelona,77094,55,"{'Laptop': 0, 'Phone': 2, 'Printer': 1, 'Television': 2, 'Washing Machine': 2}",Phone,2,True
BAR52,Barcelona,92775,24,"{'Laptop': 1, 'Phone': 1, 'Printer': 3, 'Television': 0, 'Washing Machine': 2}",Printer,3,True
BAR53,Barcelona,51053,31,"{'Laptop': 1, 'Phone': 1, 'Printer': 2, 'Television': 0, 'Washing Machine': 1}",Printer,2,True
BAR54,Barcelona,73060,55,"{'Laptop': 1, 'Phone': 2, 'Printer': 3, 'Television': 1, 'Washing Machine': 3}",Printer,3,True
BAR55,Barcelona,59250,64,"{'Laptop': 0, 'Phone': 3, 'Printer': 1, 'Television': 0, 'Washing Machine': 0}",Phone,3,False
BAR56,Barcelona,21351,46,"{'Laptop': 2, 'Phone': 3, 'Printer': 0, 'Television': 0, 'Washing Machine': 1}",Phone,3,True
BAR57,Barcelona,83279,68,"{'Laptop': 1, 'Phone': 3, 'Printer': 3, 'Television': 0, 'Washing Machine': 3}",Phone,3,True
BAR58,Barcelona,93355,48,"{'Laptop': 2, 'Phone': 0, 'Printer': 0, 'Television': 2, 'Washing Machine': 0}",Laptop,2,True
BAR59,Barcelona,58654,25,"{'Laptop': 0, 'Phone': 2, 'Printer': 1, 'Television': 0, 'Washing Machine': 1}",Phone,2,True
BAR60,Barcelona,78174,32,"{'Laptop': 0, 'Phone': 0, 'Printer': 3, 'Television': 2, 'Washing Machine': 2}",Printer,3,True
BAR61,Barcelona,61634,32,"{'Laptop': 0, 'Phone': 2, 'Printer': 2, 'Television': 2, 'Washing Machine': 1}",Phone,2,True
BAR62,Barcelona,27988,55,"{'Laptop': 3, 'Phone': 3, 'Printer': 0, 'Television': 0, 'Washing Machine': 2}",Laptop,3,True
BAR63,Barcelona,99123,43,"{'Laptop': 1, 'Phone': 3, 'Printer': 0, 'Television': 1, 'Washing Machine': 3}",Phone,3,True
BAR64,Barcelona,90664,43,"{'Laptop': 2, 'Phone': 1, 'Printer': 1, 'Television': 3, 'Washing Machine': 2}",Television,3,True
BAR65,Barcelona,31893,24,"{'Laptop': 1, 'Phone': 3, 'Printer': 3, 'Television': 3, 'Washing Machine': 1}",Phone,3,True
BAR66,Barcelona,71940,41,"{'Laptop': 3, 'Phone': 0, 'Printer': 0, 'Television': 2, 'Washing Machine': 3}",Laptop,3,True
BAR67,Barcelona,87250,31,"{'Laptop': 3, 'Phone': 1, 'Printer': 1, 'Television': 0, 'Washing Machine': 1}",Laptop,3,True
BAR68,Barcelona,95750,64,"{'Laptop': 3, 'Phone': 0, 'Printer': 2, 'Television': 0, 'Washing Machine': 0}",Laptop,3,False
BAR69,Barcelona,92373,60,"{'Laptop': 0, 'Phone': 2, 'Printer': 3, 'Television': 0, 'Washing Machine': 0}",Printer,3,False
BAR70,Barcelona,96535,29,"{'Laptop': 3, 'Phone': 0, 'Printer': 3, 'Television': 0, 'Washing Machine': 2}",Laptop,3,True
BAR71,Barcelona,46930,30,"{'Laptop': 0, 'Phone': 0, 'Printer': 3, 'Television': 0, 'Washing Machine': 0}",Printer,3,False
BAR72,Barcelona,83965,67,"{'Laptop': 0, 'Phone': 0, 'Printer': 0, 'Television': 3, 'Washing Machine': 0}",Television,3,True
BAR73,Barcelona,90027,20,"{'Laptop': 3, 'Phone': 2, 'Printer': 2, 'Television': 1, 'Washing Machine': 0}",Laptop,3,True
BAR74,Barcelona,23439,50,"{'Laptop': 0, 'Phone': 3, 'Printer': 2, 'Television': 2, 'Washing Machine': 1}",Phone,3,True
BAR75,Barcelona,57968,41,"{'Laptop': 0, 'Phone': 1, 'Printer': 2, 'Television': 1, 'Washing Machine': 1}",Printer,2,True
BAR76,Barcelona,71431,70,"{'Laptop': 3, 'Phone': 1, 'Printer': 0, 'Television': 3, 'Washing Machine': 1}",Laptop,3,True
BAR77,Barcelona,47717,64,"{'Laptop': 3, 'Phone': 0, 'Printer': 0, 'Television': 0, 'Washing Machine': 0}",Laptop,3,False
BAR78,Barcelona,95173,45,"{'Laptop': 3, 'Phone': 2, 'Printer': 3, 'Television': 1, 'Washing Machine': 3}",Laptop,3,True
BAR79,Barcelona,59949,59,"{'Laptop': 1, 'Phone': 0, 'Printer': 2, 'Television': 1, 'Washing Machine': 2}",Printer,2,True
BAR80,Barcelona,50887,50,"{'Laptop': 3, 'Phone': 0, 'Printer': 2, 'Television': 3, 'Washing Machine': 2}",Laptop,3,True
BAR81,Barcelona,26216,29,"{'Laptop': 1, 'Phone': 3, 'Printer': 2, 'Television': 0, 'Washing Machine': 0}",Phone,3,False
BAR82,Barcelona,79263,61,"{'Laptop': 1, 'Phone': 2, 'Printer': 2, 'Television': 1, 'Washing Machine': 1}",Phone,2,True
BAR83,Barcelona,48585,54,"{'Laptop': 0, 'Phone': 2, 'Printer': 2, 'Television': 1, 'Washing Machine': 0}",Phone,2,True
BAR84,Barcelona,75978,19,"{'Laptop': 2, 'Phone': 0, 'Printer': 2, 'Television': 1, 'Washing Machine': 0}",Laptop,2,True
BAR85,Barcelona,63577,53,"{'Laptop': 3, 'Phone': 2, 'Printer': 1, 'Television': 0, 'Washing Machine': 2}",Laptop,3,True
BAR86,Barcelona,68894,69,"{'Laptop': 0, 'Phone': 0, 'Printer': 0, 'Television': 1, 'Washing Machine': 0}",Television,1,True
BAR87,Barcelona,21407,32,"{'Laptop': 1, 'Phone': 0, 'Printer': 1, 'Television': 1, 'Washing Machine': 0}",Laptop,1,True
BAR88,Barcelona,28762,66,"{'Laptop': 1, 'Phone': 1, 'Printer': 0, 'Television': 0, 'Washing Machine': 0}",Laptop,1,False
BAR89,Barcelona,58621,23,"{'Laptop': 2, 'Phone': 2, 'Printer': 0, 'Television': 2, 'Washing Machine': 0}",Laptop,2,True
BAR90,Barcelona,30367,69,"{'Laptop': 2, 'Phone': 2, 'Printer': 1, 'Television': 0, 'Washing Machine': 3}",Washing Machine,3,True
BAR91,Barcelona,38388,58,"{'Laptop': 1, 'Phone': 3, 'Printer': 1, 'Television': 2, 'Washing Machine': 1}",Phone,3,True
BAR92,Barcelona,92795,23,"{'Laptop': 0, 'Phone': 2, 'Printer': 1, 'Television': 3, 'Washing Machine': 2}",Television,3,True
BAR93,Barcelona,37896,39,"{'Laptop': 1, 'Phone': 0, 'Printer': 0, 'Television': 3, 'Washing Machine': 0}",Television,3,True
BAR94,Barcelona,63283,52,"{'Laptop': 2, 'Phone': 2, 'Printer': 2, 'Television': 1, 'Washing Machine': 0}",Laptop,2,True
BAR95,Barcelona,60754,56,"{'Laptop': 3, 'Phone': 3, 'Printer': 2, 'Television': 0, 'Washing Machine': 3}",Laptop,3,True
BAR96,Barcelona,86670,67,"{'Laptop': 2, 'Phone': 2, 'Printer': 2, 'Television': 2, 'Washing Machine': 2}",Laptop,2,True
BAR97,Barcelona,34636,40,"{'Laptop': 1, 'Phone': 2, 'Printer': 2, 'Television': 0, 'Washing Machine': 3}",Washing Machine,3,True
BAR98,Barcelona,21159,39,"{'Laptop': 3, 'Phone': 3, 'Printer': 1, 'Television': 3, 'Washing Machine': 1}",Laptop,3,True
BAR99,Barcelona,97690,35,"{'Laptop': 3, 'Phone': 1, 'Printer': 3, 'Television': 1, 'Washing Machine': 0}",Laptop,3,True
BAR100,Barcelona,54673,69,"{'Laptop': 1, 'Phone': 1, 'Printer': 0, 'Television': 2, 'Washing Machine': 0}",Television,2,True
GER01,Gerona,80487,48,"{'Laptop': 2, 'Phone': 0, 'Printer': 0, 'Television': 1, 'Washing Machine': 0}",Laptop,2,True
GER02,Gerona,57984,42,"{'Laptop': 3, 'Phone': 0, 'Printer': 1, 'Television': 1, 'Washing Machine': 1}",Laptop,3,True
GER03,Gerona,82531,69,"{'Laptop': 0, 'Phone': 0, 'Printer': 3, 'Television': 3, 'Washing Machine': 3}",Printer,3,True
GER04,Gerona,93264,33,"{'Laptop': 2, 'Phone': 0, 'Printer': 1, 'Television': 3, 'Washing Machine': 0}",Television,3,True
GER05,Gerona,50142,28,"{'Laptop': 0, 'Phone': 1, 'Printer': 1, 'Television': 3, 'Washing Machine': 0}",Television,3,True
GER06,Gerona,91939,60,"{'Laptop': 1, 'Phone': 1, 'Printer': 2, 'Television': 2, 'Washing Machine': 2}",Printer,2,True
GER07,Gerona,96169,59,"{'Laptop': 1, 'Phone': 1, 'Printer': 2, 'Television': 0, 'Washing Machine': 3}",Washing Machine,3,True
GER08,Gerona,56176,57,"{'Laptop': 1, 'Phone': 2, 'Printer': 1, 'Television': 0, 'Washing Machine': 1}",Phone,2,True
GER09,Gerona,97074,27,"{'Laptop': 3, 'Phone': 2, 'Printer': 0, 'Television': 3, 'Washing Machine': 0}",Laptop,3,True
GER10,Gerona,52401,28,"{'Laptop': 0, 'Phone': 0, 'Printer': 3, 'Television': 3, 'Washing Machine': 1}",Printer,3,True
GER11,Gerona,88533,21,"{'Laptop': 0, 'Phone': 3, 'Printer': 0, 'Television': 2, 'Washing Machine': 0}",Phone,3,True
GER12,Gerona,72741,46,"{'Laptop': 3, 'Phone': 1, 'Printer': 1, 'Television': 0, 'Washing Machine': 3}",Laptop,3,True
GER13,Gerona,92328,60,"{'Laptop': 1, 'Phone': 2, 'Printer': 1, 'Television': 2, 'Washing Machine': 2}",Phone,2,True
GER14,Gerona,75793,44,"{'Laptop': 2, 'Phone': 0, 'Printer': 2, 'Television': 2, 'Washing Machine': 1}",Laptop,2,True
GER15,Gerona,55457,57,"{'Laptop': 1, 'Phone': 3, 'Printer': 2, 'Television': 3, 'Washing Machine': 0}",Phone,3,True
GER16,Gerona,54844,44,"{'Laptop': 3, 'Phone': 3, 'Printer': 3, 'Television': 0, 'Washing Machine': 3}",Laptop,3,True
GER17,Gerona,43041,66,"{'Laptop': 1, 'Phone': 0, 'Printer': 3, 'Television': 0, 'Washing Machine': 2}",Printer,3,True
GER18,Gerona,90041,45,"{'Laptop': 0, 'Phone': 3, 'Printer': 3, 'Television': 2, 'Washing Machine': 1}",Phone,3,True
GER19,Gerona,67911,67,"{'Laptop': 1, 'Phone': 1, 'Printer': 1, 'Television': 0, 'Washing Machine': 2}",Washing Machine,2,True
GER20,Gerona,37634,33,"{'Laptop': 3, 'Phone': 3, 'Printer': 0, 'Television': 1, 'Washing Machine': 0}",Laptop,3,True
GER21,Gerona,60891,48,"{'Laptop': 2, 'Phone': 0, 'Printer': 0, 'Television': 0, 'Washing Machine': 0}",Laptop,2,False
GER22,Gerona,86615,28,"{'Laptop': 3, 'Phone': 3, 'Printer': 0, 'Television': 2, 'Washing Machine': 0}",Laptop,3,True
GER23,Gerona,81977,59,"{'Laptop': 1, 'Phone': 0, 'Printer': 0, 'Television': 0, 'Washing Machine': 2}",Washing Machine,2,True
GER24,Gerona,73641,36,"{'Laptop': 1, 'Phone': 2, 'Printer': 0, 'Television': 2, 'Washing Machine': 2}",Phone,2,True
GER25,Gerona,62358,35,"{'Laptop': 1, 'Phone': 3, 'Printer': 3, 'Television': 3, 'Washing Machine': 2}",Phone,3,True
GER26,Gerona,54426,34,"{'Laptop': 0, 'Phone': 0, 'Printer': 2, 'Television': 1, 'Washing Machine': 3}",Washing Machine,3,True
GER27,Gerona,80321,55,"{'Laptop': 3, 'Phone': 1, 'Printer': 0, 'Television': 0, 'Washing Machine': 1}",Laptop,3,True
GER28,Gerona,53794,52,"{'Laptop': 2, 'Phone': 3, 'Printer': 0, 'Television': 3, 'Washing Machine': 0}",Phone,3,True
GER29,Gerona,95865,50,"{'Laptop': 1, 'Phone': 2, 'Printer': 2, 'Television': 0, 'Washing Machine': 0}",Phone,2,False
GER30,Gerona,48349,25,"{'Laptop': 0, 'Phone': 1, 'Printer': 0, 'Television': 1, 'Washing Machine': 1}",Phone,1,True
GER31,Gerona,57708,36,"{'Laptop': 3, 'Phone': 2, 'Printer': 3, 'Television': 3, 'Washing Machine': 1}",Laptop,3,True
GER32,Gerona,63342,31,"{'Laptop': 3, 'Phone': 1, 'Printer': 0, 'Television': 0, 'Washing Machine': 0}",Laptop,3,False
GER33,Gerona,51666,67,"{'Laptop': 0, 'Phone': 3, 'Printer': 2, 'Television': 1, 'Washing Machine': 2}",Phone,3,True
GER34,Gerona,81591,70,"{'Laptop': 3, 'Phone': 1, 'Printer': 3, 'Television': 0, 'Washing Machine': 0}",Laptop,3,False
GER35,Gerona,79577,26,"{'Laptop': 1, 'Phone': 2, 'Printer': 1, 'Television': 1, 'Washing Machine': 1}",Phone,2,True
GER36,Gerona,98024,36,"{'Laptop': 2, 'Phone': 2, 'Printer': 1, 'Television': 2, 'Washing Machine': 0}",Laptop,2,True
GER37,Gerona,30972,57,"{'Laptop': 2, 'Phone': 0, 'Printer': 1, 'Television': 3, 'Washing Machine': 1}",Television,3,True
GER38,Gerona,83799,47,"{'Laptop': 0, 'Phone': 0, 'Printer': 0, 'Television': 0, 'Washing Machine': 3}",Washing Machine,3,True
GER39,Gerona,39049,34,"{'Laptop': 0, 'Phone': 0, 'Printer': 1, 'Television': 3, 'Washing Machine': 1}",Television,3,True
GER40,Gerona,80632,18,"{'Laptop': 0, 'Phone': 3, 'Printer': 0, 'Television': 2, 'Washing Machine': 2}",Phone,3,True
GER41,Gerona,21814,67,"{'Laptop': 3, 'Phone': 1, 'Printer': 2, 'Television': 3, 'Washing Machine': 3}",Laptop,3,True
GER42,Gerona,36579,50,"{'Laptop': 3, 'Phone': 0, 'Printer': 1, 'Television': 2, 'Washing Machine': 3}",Laptop,3,True
GER43,Gerona,67224,51,"{'Laptop': 2, 'Phone': 1, 'Printer': 2, 'Television': 3, 'Washing Machine': 0}",Television,3,True
GER44,Gerona,89676,18,"{'Laptop': 0, 'Phone': 1, 'Printer': 2, 'Television': 3, 'Washing Machine': 3}",Television,3,True
GER45,Gerona,74092,55,"{'Laptop': 1, 'Phone': 3, 'Printer': 2, 'Television': 1, 'Washing Machine': 0}",Phone,3,True
GER46,Gerona,49535,53,"{'Laptop': 2, 'Phone': 0, 'Printer': 3, 'Television': 0, 'Washing Machine': 3}",Printer,3,True
GER47,Gerona,72786,45,"{'Laptop': 2, 'Phone': 0, 'Printer': 3, 'Television': 1, 'Washing Machine': 2}",Printer,3,True
GER48,Gerona,39104,28,"{'Laptop': 2, 'Phone': 0, 'Printer': 1, 'Television': 2, 'Washing Machine': 0}",Laptop,2,True
GER49,Gerona,90158,39,"{'Laptop': 2, 'Phone': 2, 'Printer': 1, 'Television': 0, 'Washing Machine': 1}",Laptop,2,True
GER50,Gerona,60740,47,"{'Laptop': 3, 'Phone': 0, 'Printer': 3, 'Television': 3, 'Washing Machine': 1}",Laptop,3,True
GER51,Gerona,37262,49,"{'Laptop': 1, 'Phone': 3, 'Printer': 1, 'Television': 3, 'Washing Machine': 3}",Phone,3,True
GER52,Gerona,27596,25,"{'Laptop': 2, 'Phone': 3, 'Printer': 1, 'Television': 0, 'Washing Machine': 0}",Phone,3,False
GER53,Gerona,78891,28,"{'Laptop': 2, 'Phone': 3, 'Printer': 1, 'Television': 1, 'Washing Machine': 2}",Phone,3,True
GER54,Gerona,57363,61,"{'Laptop': 0, 'Phone': 0, 'Printer': 3, 'Television': 1, 'Washing Machine': 2}",Printer,3,True
GER55,Gerona,76405,36,"{'Laptop': 1, 'Phone': 1, 'Printer': 3, 'Television': 3, 'Washing Machine': 0}",Printer,3,True
GER56,Gerona,39531,65,"{'Laptop': 2, 'Phone': 1, 'Printer': 1, 'Television': 2, 'Washing Machine': 2}",Laptop,2,True
GER57,Gerona,43108,63,"{'Laptop': 3, 'Phone': 0, 'Printer': 3, 'Television': 0, 'Washing Machine': 1}",Laptop,3,True
GER58,Gerona,52329,66,"{'Laptop': 3, 'Phone': 3, 'Printer': 1, 'Television': 2, 'Washing Machine': 1}",Laptop,3,True
GER59,Gerona,48250,59,"{'Laptop': 1, 'Phone': 3, 'Printer': 2, 'Television': 3, 'Washing Machine': 2}",Phone,3,True
GER60,Gerona,44513,23,"{'Laptop': 1, 'Phone': 2, 'Printer': 1, 'Television': 1, 'Washing Machine': 2}",Phone,2,True
GER61,Gerona,44037,65,"{'Laptop': 0, 'Phone': 0, 'Printer': 3, 'Television': 0, 'Washing Machine': 2}",Printer,3,True
GER62,Gerona,56310,54,"{'Laptop': 2, 'Phone': 0, 'Printer': 3, 'Television': 2, 'Washing Machine': 3}",Printer,3,True
GER63,Gerona,93732,34,"{'Laptop': 0, 'Phone': 0, 'Printer': 2, 'Television': 2, 'Washing Machine': 0}",Printer,2,True
GER64,Gerona,26936,61,"{'Laptop': 2, 'Phone': 0, 'Printer': 2, 'Television': 0, 'Washing Machine': 2}",Laptop,2,True
GER65,Gerona,83593,60,"{'Laptop': 1, 'Phone': 3, 'Printer': 2, 'Television': 1, 'Washing Machine': 3}",Phone,3,True
GER66,Gerona,57868,41,"{'Laptop': 3, 'Phone': 3, 'Printer': 2, 'Television': 3, 'Washing Machine': 3}",Laptop,3,True
GER67,Gerona,58731,49,"{'Laptop': 3, 'Phone': 1, 'Printer': 2, 'Television': 1, 'Washing Machine': 1}",Laptop,3,True
GER68,Gerona,21499,66,"{'Laptop': 3, 'Phone': 2, 'Printer': 0, 'Television': 0, 'Washing Machine': 1}",Laptop,3,True
GER69,Gerona,32757,41,"{'Laptop': 3, 'Phone': 0, 'Printer': 1, 'Television': 3, 'Washing Machine': 0}",Laptop,3,True
GER70,Gerona,91317,24,"{'Laptop': 0, 'Phone': 3, 'Printer': 2, 'Television': 1, 'Washing Machine': 3}",Phone,3,True
GER71,Gerona,54404,55,"{'Laptop': 3, 'Phone': 3, 'Printer': 3, 'Television': 3, 'Washing Machine': 0}",Laptop,3,True
GER72,Gerona,91076,41,"{'Laptop': 2, 'Phone': 3, 'Printer': 3, 'Television': 3, 'Washing Machine': 3}",Phone,3,True
GER73,Gerona,27271,35,"{'Laptop': 1, 'Phone': 3, 'Printer': 0, 'Television': 1, 'Washing Machine': 2}",Phone,3,True
GER74,Gerona,52374,65,"{'Laptop': 1, 'Phone': 0, 'Printer': 3, 'Television': 3, 'Washing Machine': 1}",Printer,3,True
GER75,Gerona,52718,23,"{'Laptop': 0, 'Phone': 1, 'Printer': 1, 'Television': 2, 'Washing Machine': 3}",Washing Machine,3,True
GER76,Gerona,91978,69,"{'Laptop': 2, 'Phone': 2, 'Printer': 2, 'Television': 3, 'Washing Machine': 0}",Television,3,True
GER77,Gerona,83026,56,"{'Laptop': 0, 'Phone': 1, 'Printer': 2, 'Television': 2, 'Washing Machine': 2}",Printer,2,True
GER78,Gerona,74832,22,"{'Laptop': 3, 'Phone': 3, 'Printer': 1, 'Television': 0, 'Washing Machine': 0}",Laptop,3,False
GER79,Gerona,73791,56,"{'Laptop': 0, 'Phone': 3, 'Printer': 1, 'Television': 1, 'Washing Machine': 0}",Phone,3,True
GER80,Gerona,59537,36,"{'Laptop': 2, 'Phone': 1, 'Printer': 3, 'Television': 0, 'Washing Machine': 3}",Printer,3,True
GER81,Gerona,50275,68,"{'Laptop': 2, 'Phone': 0, 'Printer': 0, 'Television': 0, 'Washing Machine': 3}",Washing Machine,3,True
GER82,Gerona,52117,60,"{'Laptop': 1, 'Phone': 3, 'Printer': 1, 'Television': 1, 'Washing Machine': 3}",Phone,3,True
GER83,Gerona,54359,20,"{'Laptop': 2, 'Phone': 2, 'Printer': 0, 'Television': 1, 'Washing Machine': 1}",Laptop,2,True
GER84,Gerona,44322,45,"{'Laptop': 3, 'Phone': 3, 'Printer': 1, 'Television': 2, 'Washing Machine': 3}",Laptop,3,True
GER85,Gerona,25970,43,"{'Laptop': 0, 'Phone': 3, 'Printer': 0, 'Television': 0, 'Washing Machine': 1}",Phone,3,True
GER86,Gerona,98375,33,"{'Laptop': 2, 'Phone': 1, 'Printer': 1, 'Television': 1, 'Washing Machine': 2}",Laptop,2,True
GER87,Gerona,29285,60,"{'Laptop': 0, 'Phone': 1, 'Printer': 3, 'Television': 3, 'Washing Machine': 0}",Printer,3,True
GER88,Gerona,84139,45,"{'Laptop': 2, 'Phone': 2, 'Printer': 2, 'Television': 1, 'Washing Machine': 3}",Washing Machine,3,True
GER89,Gerona,65545,61,"{'Laptop': 3, 'Phone': 2, 'Printer': 1, 'Television': 0, 'Washing Machine': 0}",Laptop,3,False
GER90,Gerona,38579,28,"{'Laptop': 1, 'Phone': 3, 'Printer': 1, 'Television': 0, 'Washing Machine': 1}",Phone,3,True
GER91,Gerona,31856,54,"{'Laptop': 2, 'Phone': 2, 'Printer': 2, 'Television': 2, 'Washing Machine': 1}",Laptop,2,True
GER92,Gerona,90329,57,"{'Laptop': 2, 'Phone': 2, 'Printer': 2, 'Television': 1, 'Washing Machine': 1}",Laptop,2,True
GER93,Gerona,88595,34,"{'Laptop': 3, 'Phone': 1, 'Printer': 1, 'Television': 1, 'Washing Machine': 1}",Laptop,3,True
GER94,Gerona,29714,22,"{'Laptop': 0, 'Phone': 2, 'Printer': 2, 'Television': 0, 'Washing Machine': 2}",Phone,2,True
GER95,Gerona,63187,37,"{'Laptop': 2, 'Phone': 2, 'Printer': 0, 'Television': 0, 'Washing Machine': 3}",Washing Machine,3,True
GER96,Gerona,61052,68,"{'Laptop': 2, 'Phone': 3, 'Printer': 2, 'Television': 1, 'Washing Machine': 2}",Phone,3,True
GER97,Gerona,87814,21,"{'Laptop': 3, 'Phone': 1, 'Printer': 2, 'Television': 1, 'Washing Machine': 0}",Laptop,3,True
GER98,Gerona,47626,20,"{'Laptop': 0, 'Phone': 1, 'Printer': 0, 'Television': 0, 'Washing Machine': 1}",Phone,1,True
GER99,Gerona,50479,28,"{'Laptop': 1, 'Phone': 0, 'Printer': 3, 'Television': 0, 'Washing Machine': 3}",Printer,3,True
GER100,Gerona,35536,58,"{'Laptop': 0, 'Phone': 1, 'Printer': 0, 'Television': 1, 'Washing Machine': 3}",Washing Machine,3,True
LÉR01,Lérida,54204,38,"{'Laptop': 3, 'Phone': 1, 'Printer': 0, 'Television': 2, 'Washing Machine': 0}",Laptop,3,True
LÉR02,Lérida,39880,64,"{'Laptop': 1, 'Phone': 2, 'Printer': 2, 'Television': 2, 'Washing Machine': 2}",Phone,2,True
LÉR03,Lérida,55776,46,"{'Laptop': 0, 'Phone': 1, 'Printer': 1, 'Television': 3, 'Washing Machine': 3}",Television,3,True
LÉR04,Lérida,37494,29,"{'Laptop': 0, 'Phone': 2, 'Printer': 3, 'Television': 2, 'Washing Machine': 0}",Printer,3,True
LÉR05,Lérida,66507,18,"{'Laptop': 1, 'Phone': 1, 'Printer': 3, 'Television': 2, 'Washing Machine': 0}",Printer,3,True
LÉR06,Lérida,22235,58,"{'Laptop': 2, 'Phone': 0, 'Printer': 2, 'Television': 0, 'Washing Machine': 1}",Laptop,2,True
LÉR07,Lérida,52376,69,"{'Laptop': 1, 'Phone': 3, 'Printer': 0, 'Television': 0, 'Washing Machine': 2}",Phone,3,True
LÉR08,Lérida,61707,59,"{'Laptop': 3, 'Phone': 0, 'Printer': 3, 'Television': 1, 'Washing Machine': 1}",Laptop,3,True
LÉR09,Lérida,90565,58,"{'Laptop': 0, 'Phone': 0, 'Printer': 0, 'Television': 0, 'Washing Machine': 2}",Washing Machine,2,True
LÉR10,Lérida,64631,33,"{'Laptop': 0, 'Phone': 3, 'Printer': 3, 'Television': 2, 'Washing Machine': 3}",Phone,3,True
LÉR11,Lérida,89685,26,"{'Laptop': 2, 'Phone': 1, 'Printer': 3, 'Television': 1, 'Washing Machine': 3}",Printer,3,True
LÉR12,Lérida,89128,55,"{'Laptop': 0, 'Phone': 3, 'Printer': 1, 'Television': 3, 'Washing Machine': 2}",Phone,3,True
LÉR13,Lérida,27924,52,"{'Laptop': 2, 'Phone': 1, 'Printer': 2, 'Television': 2, 'Washing Machine': 2}",Laptop,2,True
LÉR14,Lérida,99403,34,"{'Laptop': 0, 'Phone': 2, 'Printer': 3, 'Television': 2, 'Washing Machine': 2}",Printer,3,True
LÉR15,Lérida,90895,66,"{'Laptop': 2, 'Phone': 0, 'Printer': 0, 'Television': 1, 'Washing Machine': 1}",Laptop,2,True
LÉR16,Lérida,25199,36,"{'Laptop': 0, 'Phone': 0, 'Printer': 2, 'Television': 3, 'Washing Machine': 3}",Television,3,True
LÉR17,Lérida,84318,20,"{'Laptop': 3, 'Phone': 0, 'Printer': 0, 'Television': 3, 'Washing Machine': 1}",Laptop,3,True
LÉR18,Lérida,95474,20,"{'Laptop': 3, 'Phone': 2, 'Printer': 3, 'Television': 1, 'Washing Machine': 0}",Laptop,3,True
LÉR19,Lérida,61976,30,"{'Laptop': 1, 'Phone': 2, 'Printer': 3, 'Television': 2, 'Washing Machine': 3}",Printer,3,True
LÉR20,Lérida,47835,68,"{'Laptop': 0, 'Phone': 1, 'Printer': 0, 'Television': 0, 'Washing Machine': 0}",Phone,1,False
LÉR21,Lérida,81572,35,"{'Laptop': 2, 'Phone': 3, 'Printer': 2, 'Television': 2, 'Washing Machine': 2}",Phone,3,True
LÉR22,Lérida,65264,41,"{'Laptop': 0, 'Phone': 3, 'Printer': 0, 'Television': 3, 'Washing Machine': 2}",Phone,3,True
LÉR23,Lérida,84936,59,"{'Laptop': 1, 'Phone': 2, 'Printer': 3, 'Television': 2, 'Washing Machine': 1}",Printer,3,True
LÉR24,Lérida,67500,32,"{'Laptop': 2, 'Phone': 2, 'Printer': 2, 'Television': 3, 'Washing Machine': 2}",Television,3,True
LÉR25,Lérida,66965,46,"{'Laptop': 1, 'Phone': 2, 'Printer': 2, 'Television': 3, 'Washing Machine': 2}",Television,3,True
LÉR26,Lérida,69274,69,"{'Laptop': 1, 'Phone': 2, 'Printer': 2, 'Television': 1, 'Washing Machine': 2}",Phone,2,True
LÉR27,Lérida,45648,52,"{'Laptop': 2, 'Phone': 0, 'Printer': 1, 'Television': 2, 'Washing Machine': 1}",Laptop,2,True
LÉR28,Lérida,99998,44,"{'Laptop': 0, 'Phone': 0, 'Printer': 0, 'Television': 1, 'Washing Machine': 1}",Television,1,True
LÉR29,Lérida,75932,31,"{'Laptop': 1, 'Phone': 1, 'Printer': 3, 'Television': 3, 'Washing Machine': 3}",Printer,3,True
LÉR30,Lérida,92091,52,"{'Laptop': 1, 'Phone': 0, 'Printer': 1, 'Television': 3, 'Washing Machine': 2}",Television,3,True
LÉR31,Lérida,44505,69,"{'Laptop': 2, 'Phone': 2, 'Printer': 3, 'Television': 0, 'Washing Machine': 3}",Printer,3,True
LÉR32,Lérida,49257,45,"{'Laptop': 0, 'Phone': 3, 'Printer': 2, 'Television': 0, 'Washing Machine': 1}",Phone,3,True
LÉR33,Lérida,72128,33,"{'Laptop': 0, 'Phone': 1, 'Printer': 1, 'Television': 0, 'Washing Machine': 3}",Washing Machine,3,True
LÉR34,Lérida,61996,40,"{'Laptop': 2, 'Phone': 1, 'Printer': 2, 'Television': 2, 'Washing Machine': 1}",Laptop,2,True
LÉR35,Lérida,31598,61,"{'Laptop': 3, 'Phone': 1, 'Printer': 3, 'Television': 1, 'Washing Machine': 3}",Laptop,3,True
LÉR36,Lérida,98461,70,"{'Laptop': 2, 'Phone': 0, 'Printer': 0, 'Television': 3, 'Washing Machine': 3}",Television,3,True
LÉR37,Lérida,64979,38,"{'Laptop': 2, 'Phone': 2, 'Printer': 3, 'Television': 0, 'Washing Machine': 0}",Printer,3,False
LÉR38,Lérida,28941,18,"{'Laptop': 1, 'Phone': 1, 'Printer': 3, 'Television': 1, 'Washing Machine': 2}",Printer,3,True
LÉR39,Lérida,66460,26,"{'Laptop': 1, 'Phone': 1, 'Printer': 3, 'Television': 1, 'Washing Machine': 3}",Printer,3,True
LÉR40,Lérida,93279,70,"{'Laptop': 2, 'Phone': 3, 'Printer': 0, 'Television': 3, 'Washing Machine': 2}",Phone,3,True
LÉR41,Lérida,99441,46,"{'Laptop': 2, 'Phone': 0, 'Printer': 0, 'Television': 1, 'Washing Machine': 3}",Washing Machine,3,True
LÉR42,Lérida,82298,25,"{'Laptop': 1, 'Phone': 2, 'Printer': 3, 'Television': 1, 'Washing Machine': 1}",Printer,3,True
LÉR43,Lérida,68814,51,"{'Laptop': 2, 'Phone': 1, 'Printer': 2, 'Television': 1, 'Washing Machine': 3}",Washing Machine,3,True
LÉR44,Lérida,49742,65,"{'Laptop': 3, 'Phone': 1, 'Printer': 1, 'Television': 2, 'Washing Machine': 1}",Laptop,3,True
LÉR45,Lérida,51267,38,"{'Laptop': 1, 'Phone': 3, 'Printer': 0, 'Television': 3, 'Washing Machine': 0}",Phone,3,True
LÉR46,Lérida,90362,58,"{'Laptop': 3, 'Phone': 2, 'Printer': 2, 'Television': 2, 'Washing Machine': 2}",Laptop,3,True
LÉR47,Lérida,93141,51,"{'Laptop': 2, 'Phone': 2, 'Printer': 1, 'Television': 0, 'Washing Machine': 0}",Laptop,2,False
LÉR48,Lérida,98974,21,"{'Laptop': 3, 'Phone': 2, 'Printer': 1, 'Television': 3, 'Washing Machine': 0}",Laptop,3,True
LÉR49,Lérida,87341,60,"{'Laptop': 1, 'Phone': 2, 'Printer': 1, 'Television': 3, 'Washing Machine': 2}",Television,3,True
LÉR50,Lérida,65893,61,"{'Laptop': 0, 'Phone': 0, 'Printer': 3, 'Television': 3, 'Washing Machine': 0}",Printer,3,True
LÉR51,Lérida,51788,31,"{'Laptop': 3, 'Phone': 1, 'Printer': 1, 'Television': 3, 'Washing Machine': 2}",Laptop,3,True
LÉR52,Lérida,22721,32,"{'Laptop': 3, 'Phone': 0, 'Printer': 3, 'Television': 1, 'Washing Machine': 2}",Laptop,3,True
LÉR53,Lérida,25418,70,"{'Laptop': 2, 'Phone': 1, 'Printer': 0, 'Television': 2, 'Washing Machine': 3}",Washing Machine,3,True
LÉR54,Lérida,44226,54,"{'Laptop': 0, 'Phone': 3, 'Printer': 3, 'Television': 1, 'Washing Machine': 0}",Phone,3,True
LÉR55,Lérida,86080,57,"{'Laptop': 1, 'Phone': 0, 'Printer': 1, 'Television': 3, 'Washing Machine': 0}",Television,3,True
LÉR56,Lérida,47825,27,"{'Laptop': 1, 'Phone': 0, 'Printer': 3, 'Television': 0, 'Washing Machine': 1}",Printer,3,True
LÉR57,Lérida,95760,65,"{'Laptop': 2, 'Phone': 2, 'Printer': 2, 'Television': 0, 'Washing Machine': 1}",Laptop,2,True
LÉR58,Lérida,47927,19,"{'Laptop': 2, 'Phone': 1, 'Printer': 3, 'Television': 0, 'Washing Machine': 0}",Printer,3,False
LÉR59,Lérida,83833,67,"{'Laptop': 2, 'Phone': 2, 'Printer': 2, 'Television': 0, 'Washing Machine': 0}",Laptop,2,False
LÉR60,Lérida,35910,66,"{'Laptop': 0, 'Phone': 2, 'Printer': 0, 'Television': 2, 'Washing Machine': 2}",Phone,2,True
LÉR61,Lérida,34186,65,"{'Laptop': 1, 'Phone': 2, 'Printer': 0, 'Television': 1, 'Washing Machine': 3}",Washing Machine,3,True
LÉR62,Lérida,72180,18,"{'Laptop': 0, 'Phone': 1, 'Printer': 3, 'Television': 2, 'Washing Machine': 0}",Printer,3,True
LÉR63,Lérida,23698,46,"{'Laptop': 2, 'Phone': 1, 'Printer': 2, 'Television': 3, 'Washing Machine': 2}",Television,3,True
LÉR64,Lérida,96654,45,"{'Laptop': 0, 'Phone': 0, 'Printer': 1, 'Television': 1, 'Washing Machine': 0}",Printer,1,True
LÉR65,Lérida,30853,43,"{'Laptop': 2, 'Phone': 2, 'Printer': 0, 'Television': 1, 'Washing Machine': 0}",Laptop,2,True
LÉR66,Lérida,26693,56,"{'Laptop': 3, 'Phone': 2, 'Printer': 2, 'Television': 1, 'Washing Machine': 1}",Laptop,3,True
LÉR67,Lérida,88042,41,"{'Laptop': 2, 'Phone': 3, 'Printer': 3, 'Television': 2, 'Washing Machine': 1}",Phone,3,True
LÉR68,Lérida,81641,27,"{'Laptop': 2, 'Phone': 1, 'Printer': 3, 'Television': 3, 'Washing Machine': 3}",Printer,3,True
LÉR69,Lérida,89293,46,"{'Laptop': 3, 'Phone': 0, 'Printer': 0, 'Television': 0, 'Washing Machine': 2}",Laptop,3,True
LÉR70,Lérida,61429,29,"{'Laptop': 2, 'Phone': 0, 'Printer': 1, 'Television': 1, 'Washing Machine': 3}",Washing Machine,3,True
LÉR71,Lérida,41861,49,"{'Laptop': 0, 'Phone': 3, 'Printer': 3, 'Television': 1, 'Washing Machine': 2}",Phone,3,True
LÉR72,Lérida,43815,48,"{'Laptop': 3, 'Phone': 1, 'Printer': 3, 'Television': 2, 'Washing Machine': 0}",Laptop,3,True
LÉR73,Lérida,35618,69,"{'Laptop': 0, 'Phone': 1, 'Printer': 0, 'Television': 3, 'Washing Machine': 2}",Television,3,True
LÉR74,Lérida,99734,47,"{'Laptop': 0, 'Phone': 1, 'Printer': 1, 'Television': 2, 'Washing Machine': 0}",Television,2,True
LÉR75,Lérida,52931,24,"{'Laptop': 0, 'Phone': 1, 'Printer': 2, 'Television': 2, 'Washing Machine': 1}",Printer,2,True
LÉR76,Lérida,33181,45,"{'Laptop': 2, 'Phone': 3, 'Printer': 0, 'Television': 1, 'Washing Machine': 3}",Phone,3,True
LÉR77,Lérida,91731,61,"{'Laptop': 0, 'Phone': 2, 'Printer': 1, 'Television': 1, 'Washing Machine': 3}",Washing Machine,3,True
LÉR78,Lérida,63534,22,"{'Laptop': 1, 'Phone': 2, 'Printer': 3, 'Television': 3, 'Washing Machine': 0}",Printer,3,True
LÉR79,Lérida,99114,59,"{'Laptop': 1, 'Phone': 2, 'Printer': 2, 'Television': 1, 'Washing Machine': 3}",Washing Machine,3,True
LÉR80,Lérida,34379,37,"{'Laptop': 2, 'Phone': 0, 'Printer': 3, 'Television': 2, 'Washing Machine': 0}",Printer,3,True
LÉR81,Lérida,85031,69,"{'Laptop': 1, 'Phone': 1, 'Printer': 0, 'Television': 3, 'Washing Machine': 1}",Television,3,True
LÉR82,Lérida,21219,56,"{'Laptop': 1, 'Phone': 2, 'Printer': 0, 'Television': 2, 'Washing Machine': 3}",Washing Machine,3,True
LÉR83,Lérida,47754,28,"{'Laptop': 0, 'Phone': 2, 'Printer': 2, 'Television': 2, 'Washing Machine': 3}",Washing Machine,3,True
LÉR84,Lérida,24306,45,"{'Laptop': 0, 'Phone': 3, 'Printer': 3, 'Television': 1, 'Washing Machine': 3}",Phone,3,True
LÉR85,Lérida,26773,57,"{'Laptop': 3, 'Phone': 0, 'Printer': 1, 'Television': 2, 'Washing Machine': 0}",Laptop,3,True
LÉR86,Lérida,73710,28,"{'Laptop': 1, 'Phone': 2, 'Printer': 1, 'Television': 2, 'Washing Machine': 1}",Phone,2,True
LÉR87,Lérida,62457,20,"{'Laptop': 3, 'Phone': 0, 'Printer': 0, 'Television': 2, 'Washing Machine': 2}",Laptop,3,True
LÉR88,Lérida,90180,31,"{'Laptop': 1, 'Phone': 0, 'Printer': 3, 'Television': 2, 'Washing Machine': 0}",Printer,3,True
LÉR89,Lérida,76069,62,"{'Laptop': 1, 'Phone': 0, 'Printer': 2, 'Television': 1, 'Washing Machine': 3}",Washing Machine,3,True
LÉR90,Lérida,40145,32,"{'Laptop': 2, 'Phone': 2, 'Printer': 1, 'Television': 0, 'Washing Machine': 2}",Laptop,2,True
LÉR91,Lérida,33212,22,"{'Laptop': 2, 'Phone': 2, 'Printer': 3, 'Television': 1, 'Washing Machine': 3}",Printer,3,True
LÉR92,Lérida,57030,48,"{'Laptop': 3, 'Phone': 0, 'Printer': 0, 'Television': 0, 'Washing Machine': 1}",Laptop,3,True
LÉR93,Lérida,48114,21,"{'Laptop': 3, 'Phone': 0, 'Printer': 3, 'Television': 2, 'Washing Machine': 0}",Laptop,3,True
LÉR94,Lérida,27293,29,"{'Laptop': 0, 'Phone': 2, 'Printer': 2, 'Television': 1, 'Washing Machine': 3}",Washing Machine,3,True
LÉR95,Lérida,43844,47,"{'Laptop': 0, 'Phone': 2, 'Printer': 3, 'Television': 3, 'Washing Machine': 1}",Printer,3,True
LÉR96,Lérida,31960,36,"{'Laptop': 3, 'Phone': 0, 'Printer': 1, 'Television': 2, 'Washing Machine': 2}",Laptop,3,True
LÉR97,Lérida,54713,26,"{'Laptop': 1, 'Phone': 2, 'Printer': 1, 'Television': 1, 'Washing Machine': 3}",Washing Machine,3,True
LÉR98,Lérida,99970,49,"{'Laptop': 1, 'Phone': 3, 'Printer': 1, 'Television': 1, 'Washing Machine': 0}",Phone,3,True
LÉR99,Lérida,67426,56,"{'Laptop': 1, 'Phone': 0, 'Printer': 2, 'Television': 3, 'Washing Machine': 3}",Television,3,True
LÉR100,Lérida,44278,62,"{'Laptop': 0, 'Phone': 3, 'Printer': 1, 'Television': 1, 'Washing Machine': 1}",Phone,3,True
TAR01,Tarragona,42743,27,"{'Laptop': 2, 'Phone': 2, 'Printer': 0, 'Television': 3, 'Washing Machine': 3}",Television,3,True
TAR02,Tarragona,46387,30,"{'Laptop': 3, 'Phone': 2, 'Printer': 2, 'Television': 0, 'Washing Machine': 3}",Laptop,3,True
TAR03,Tarragona,32392,62,"{'Laptop': 0, 'Phone': 3, 'Printer': 2, 'Television': 3, 'Washing Machine': 3}",Phone,3,True
TAR04,Tarragona,72146,30,"{'Laptop': 0, 'Phone': 2, 'Printer': 0, 'Television': 3, 'Washing Machine': 1}",Television,3,True
TAR05,Tarragona,80445,34,"{'Laptop': 3, 'Phone': 1, 'Printer': 2, 'Television': 2, 'Washing Machine': 0}",Laptop,3,True
TAR06,Tarragona,37688,38,"{'Laptop': 2, 'Phone': 0, 'Printer': 1, 'Television': 0, 'Washing Machine': 1}",Laptop,2,True
TAR07,Tarragona,72578,67,"{'Laptop': 2, 'Phone': 0, 'Printer': 2, 'Television': 1, 'Washing Machine': 3}",Washing Machine,3,True
TAR08,Tarragona,46132,28,"{'Laptop': 2, 'Phone': 2, 'Printer': 1, 'Television': 1, 'Washing Machine': 1}",Laptop,2,True
TAR09,Tarragona,49606,49,"{'Laptop': 1, 'Phone': 0, 'Printer': 0, 'Television': 0, 'Washing Machine': 3}",Washing Machine,3,True
TAR10,Tarragona,66749,18,"{'Laptop': 2, 'Phone': 0, 'Printer': 0, 'Television': 2, 'Washing Machine': 2}",Laptop,2,True
TAR11,Tarragona,65795,63,"{'Laptop': 1, 'Phone': 0, 'Printer': 0, 'Television': 2, 'Washing Machine': 1}",Television,2,True
TAR12,Tarragona,54277,21,"{'Laptop': 3, 'Phone': 1, 'Printer': 3, 'Television': 1, 'Washing Machine': 1}",Laptop,3,True
TAR13,Tarragona,44932,36,"{'Laptop': 1, 'Phone': 0, 'Printer': 1, 'Television': 3, 'Washing Machine': 3}",Television,3,True
TAR14,Tarragona,68358,46,"{'Laptop': 1, 'Phone': 3, 'Printer': 1, 'Television': 3, 'Washing Machine': 0}",Phone,3,True
TAR15,Tarragona,23819,39,"{'Laptop': 0, 'Phone': 0, 'Printer': 0, 'Television': 2, 'Washing Machine': 1}",Television,2,True
TAR16,Tarragona,44249,21,"{'Laptop': 1, 'Phone': 0, 'Printer': 1, 'Television': 3, 'Washing Machine': 1}",Television,3,True
TAR17,Tarragona,38914,55,"{'Laptop': 1, 'Phone': 3, 'Printer': 1, 'Television': 0, 'Washing Machine': 0}",Phone,3,False
TAR18,Tarragona,45795,63,"{'Laptop': 3, 'Phone': 0, 'Printer': 3, 'Television': 2, 'Washing Machine': 1}",Laptop,3,True
TAR19,Tarragona,79390,25,"{'Laptop': 1, 'Phone': 1, 'Printer': 2, 'Television': 1, 'Washing Machine': 0}",Printer,2,True
TAR20,Tarragona,81010,55,"{'Laptop': 2, 'Phone': 0, 'Printer': 3, 'Television': 0, 'Washing Machine': 1}",Printer,3,True
TAR21,Tarragona,37619,52,"{'Laptop': 0, 'Phone': 1, 'Printer': 3, 'Television': 3, 'Washing Machine': 1}",Printer,3,True
TAR22,Tarragona,60429,23,"{'Laptop': 0, 'Phone': 3, 'Printer': 3, 'Television': 2, 'Washing Machine': 2}",Phone,3,True
TAR23,Tarragona,23631,19,"{'Laptop': 0, 'Phone': 1, 'Printer': 3, 'Television': 2, 'Washing Machine': 1}",Printer,3,True
TAR24,Tarragona,22682,70,"{'Laptop': 0, 'Phone': 3, 'Printer': 1, 'Television': 0, 'Washing Machine': 3}",Phone,3,True
TAR25,Tarragona,95525,26,"{'Laptop': 3, 'Phone': 0, 'Printer': 3, 'Television': 1, 'Washing Machine': 3}",Laptop,3,True
TAR26,Tarragona,92425,35,"{'Laptop': 2, 'Phone': 2, 'Printer': 0, 'Television': 3, 'Washing Machine': 0}",Television,3,True
TAR27,Tarragona,97413,22,"{'Laptop': 3, 'Phone': 0, 'Printer': 0, 'Television': 1, 'Washing Machine': 2}",Laptop,3,True
TAR28,Tarragona,93015,52,"{'Laptop': 0, 'Phone': 2, 'Printer': 1, 'Television': 2, 'Washing Machine': 0}",Phone,2,True
TAR29,Tarragona,79870,23,"{'Laptop': 0, 'Phone': 0, 'Printer': 1, 'Television': 3, 'Washing Machine': 2}",Television,3,True
TAR30,Tarragona,29844,44,"{'Laptop': 3, 'Phone': 2, 'Printer': 0, 'Television': 2, 'Washing Machine': 2}",Laptop,3,True
TAR31,Tarragona,34566,49,"{'Laptop': 3, 'Phone': 0, 'Printer': 2, 'Television': 1, 'Washing Machine': 1}",Laptop,3,True
TAR32,Tarragona,27795,26,"{'Laptop': 2, 'Phone': 1, 'Printer': 3, 'Television': 3, 'Washing Machine': 0}",Printer,3,True
TAR33,Tarragona,39142,64,"{'Laptop': 2, 'Phone': 0, 'Printer': 0, 'Television': 3, 'Washing Machine': 0}",Television,3,True
TAR34,Tarragona,37259,69,"{'Laptop': 2, 'Phone': 0, 'Printer': 1, 'Television': 3, 'Washing Machine': 3}",Television,3,True
TAR35,Tarragona,61103,61,"{'Laptop': 2, 'Phone': 3, 'Printer': 3, 'Television': 3, 'Washing Machine': 0}",Phone,3,True
TAR36,Tarragona,25940,67,"{'Laptop': 2, 'Phone': 2, 'Printer': 0, 'Television': 3, 'Washing Machine': 2}",Television,3,True
TAR37,Tarragona,91368,38,"{'Laptop': 3, 'Phone': 0, 'Printer': 0, 'Television': 2, 'Washing Machine': 0}",Laptop,3,True
TAR38,Tarragona,84339,39,"{'Laptop': 2, 'Phone': 2, 'Printer': 3, 'Television': 2, 'Washing Machine': 1}",Printer,3,True
TAR39,Tarragona,59673,41,"{'Laptop': 1, 'Phone': 1, 'Printer': 3, 'Television': 2, 'Washing Machine': 3}",Printer,3,True
TAR40,Tarragona,68967,31,"{'Laptop': 1, 'Phone': 1, 'Printer': 2, 'Television': 0, 'Washing Machine': 2}",Printer,2,True
TAR41,Tarragona,59058,61,"{'Laptop': 2, 'Phone': 0, 'Printer': 0, 'Television': 0, 'Washing Machine': 1}",Laptop,2,True
TAR42,Tarragona,71444,36,"{'Laptop': 2, 'Phone': 3, 'Printer': 3, 'Television': 2, 'Washing Machine': 2}",Phone,3,True
TAR43,Tarragona,91932,43,"{'Laptop': 1, 'Phone': 1, 'Printer': 0, 'Television': 1, 'Washing Machine': 3}",Washing Machine,3,True
TAR44,Tarragona,95021,60,"{'Laptop': 1, 'Phone': 2, 'Printer': 3, 'Television': 1, 'Washing Machine': 0}",Printer,3,True
TAR45,Tarragona,80401,53,"{'Laptop': 3, 'Phone': 0, 'Printer': 0, 'Television': 3, 'Washing Machine': 2}",Laptop,3,True
TAR46,Tarragona,98613,28,"{'Laptop': 3, 'Phone': 1, 'Printer': 1, 'Television': 3, 'Washing Machine': 1}",Laptop,3,True
TAR47,Tarragona,31013,70,"{'Laptop': 3, 'Phone': 1, 'Printer': 2, 'Television': 3, 'Washing Machine': 1}",Laptop,3,True
TAR48,Tarragona,74548,34,"{'Laptop': 2, 'Phone': 0, 'Printer': 1, 'Television': 2, 'Washing Machine': 2}",Laptop,2,True
TAR49,Tarragona,77966,33,"{'Laptop': 0, 'Phone': 2, 'Printer': 0, 'Television': 2, 'Washing Machine': 1}",Phone,2,True
TAR50,Tarragona,75892,47,"{'Laptop': 0, 'Phone': 2, 'Printer': 2, 'Television': 3, 'Washing Machine': 3}",Television,3,True
TAR51,Tarragona,74842,20,"{'Laptop': 3, 'Phone': 1, 'Printer': 0, 'Television': 0, 'Washing Machine': 2}",Laptop,3,True
TAR52,Tarragona,44798,32,"{'Laptop': 0, 'Phone': 3, 'Printer': 1, 'Television': 0, 'Washing Machine': 2}",Phone,3,True
TAR53,Tarragona,37801,18,"{'Laptop': 2, 'Phone': 0, 'Printer': 3, 'Television': 3, 'Washing Machine': 1}",Printer,3,True
TAR54,Tarragona,23401,38,"{'Laptop': 0, 'Phone': 0, 'Printer': 3, 'Television': 2, 'Washing Machine': 1}",Printer,3,True
TAR55,Tarragona,84623,39,"{'Laptop': 1, 'Phone': 2, 'Printer': 2, 'Television': 1, 'Washing Machine': 0}",Phone,2,True
TAR56,Tarragona,88177,22,"{'Laptop': 1, 'Phone': 0, 'Printer': 3, 'Television': 1, 'Washing Machine': 2}",Printer,3,True
TAR57,Tarragona,62428,67,"{'Laptop': 1, 'Phone': 3, 'Printer': 2, 'Television': 0, 'Washing Machine': 1}",Phone,3,True
TAR58,Tarragona,74022,69,"{'Laptop': 2, 'Phone': 2, 'Printer': 2, 'Television': 3, 'Washing Machine': 1}",Television,3,True
TAR59,Tarragona,38852,21,"{'Laptop': 3, 'Phone': 1, 'Printer': 3, 'Television': 3, 'Washing Machine': 0}",Laptop,3,True
TAR60,Tarragona,80384,20,"{'Laptop': 1, 'Phone': 0, 'Printer': 2, 'Television': 2, 'Washing Machine': 2}",Printer,2,True
TAR61,Tarragona,99009,20,"{'Laptop': 1, 'Phone': 3, 'Printer': 0, 'Television': 2, 'Washing Machine': 0}",Phone,3,True
TAR62,Tarragona,83067,59,"{'Laptop': 1, 'Phone': 0, 'Printer': 2, 'Television': 2, 'Washing Machine': 1}",Printer,2,True
TAR63,Tarragona,87604,39,"{'Laptop': 0, 'Phone': 2, 'Printer': 0, 'Television': 3, 'Washing Machine': 2}",Television,3,True
TAR64,Tarragona,64245,37,"{'Laptop': 0, 'Phone': 1, 'Printer': 2, 'Television': 3, 'Washing Machine': 1}",Television,3,True
TAR65,Tarragona,37151,46,"{'Laptop': 2, 'Phone': 0, 'Printer': 1, 'Television': 2, 'Washing Machine': 3}",Washing Machine,3,True
TAR66,Tarragona,66178,49,"{'Laptop': 0, 'Phone': 3, 'Printer': 0, 'Television': 1, 'Washing Machine': 0}",Phone,3,True
TAR67,Tarragona,60713,50,"{'Laptop': 1, 'Phone': 1, 'Printer': 0, 'Television': 1, 'Washing Machine': 0}",Laptop,1,True
TAR68,Tarragona,74798,62,"{'Laptop': 1, 'Phone': 1, 'Printer': 3, 'Television': 2, 'Washing Machine': 1}",Printer,3,True
TAR69,Tarragona,23664,47,"{'Laptop': 0, 'Phone': 1, 'Printer': 1, 'Television': 1, 'Washing Machine': 0}",Phone,1,True
TAR70,Tarragona,45693,40,"{'Laptop': 0, 'Phone': 0, 'Printer': 0, 'Television': 3, 'Washing Machine': 3}",Television,3,True
TAR71,Tarragona,89402,63,"{'Laptop': 1, 'Phone': 0, 'Printer': 0, 'Television': 2, 'Washing Machine': 2}",Television,2,True
TAR72,Tarragona,95468,45,"{'Laptop': 3, 'Phone': 3, 'Printer': 0, 'Television': 3, 'Washing Machine': 0}",Laptop,3,True
TAR73,Tarragona,38614,50,"{'Laptop': 0, 'Phone': 3, 'Printer': 1, 'Television': 3, 'Washing Machine': 3}",Phone,3,True
TAR74,Tarragona,36993,61,"{'Laptop': 1, 'Phone': 2, 'Printer': 1, 'Television': 0, 'Washing Machine': 2}",Phone,2,True
TAR75,Tarragona,89019,67,"{'Laptop': 3, 'Phone': 1, 'Printer': 2, 'Television': 0, 'Washing Machine': 2}",Laptop,3,True
TAR76,Tarragona,47767,32,"{'Laptop': 3, 'Phone': 0, 'Printer': 3, 'Television': 2, 'Washing Machine': 3}",Laptop,3,True
TAR77,Tarragona,57131,62,"{'Laptop': 3, 'Phone': 2, 'Printer': 2, 'Television': 1, 'Washing Machine': 3}",Laptop,3,True
TAR78,Tarragona,82122,62,"{'Laptop': 2, 'Phone': 3, 'Printer': 1, 'Television': 3, 'Washing Machine': 2}",Phone,3,True
TAR79,Tarragona,86202,55,"{'Laptop': 2, 'Phone': 1, 'Printer': 0, 'Television': 0, 'Washing Machine': 3}",Washing Machine,3,True
TAR80,Tarragona,92546,41,"{'Laptop': 0, 'Phone': 1, 'Printer': 2, 'Television': 3, 'Washing Machine': 2}",Television,3,True
TAR81,Tarragona,38311,31,"{'Laptop': 1, 'Phone': 3, 'Printer': 2, 'Television': 3, 'Washing Machine': 1}",Phone,3,True
TAR82,Tarragona,91425,36,"{'Laptop': 1, 'Phone': 1, 'Printer': 3, 'Television': 3, 'Washing Machine': 2}",Printer,3,True
TAR83,Tarragona,43607,70,"{'Laptop': 0, 'Phone': 2, 'Printer': 3, 'Television': 2, 'Washing Machine': 1}",Printer,3,True
TAR84,Tarragona,75348,38,"{'Laptop': 1, 'Phone': 3, 'Printer': 2, 'Television': 0, 'Washing Machine': 3}",Phone,3,True
TAR85,Tarragona,27686,44,"{'Laptop': 0, 'Phone': 3, 'Printer': 0, 'Television': 0, 'Washing Machine': 2}",Phone,3,True
TAR86,Tarragona,61545,60,"{'Laptop': 3, 'Phone': 3, 'Printer': 0, 'Television': 2, 'Washing Machine': 1}",Laptop,3,True
TAR87,Tarragona,91894,63,"{'Laptop': 1, 'Phone': 1, 'Printer': 2, 'Television': 1, 'Washing Machine': 2}",Printer,2,True
TAR88,Tarragona,29774,44,"{'Laptop': 0, 'Phone': 0, 'Printer': 1, 'Television': 1, 'Washing Machine': 3}",Washing Machine,3,True
TAR89,Tarragona,54637,35,"{'Laptop': 2, 'Phone': 0, 'Printer': 3, 'Television': 3, 'Washing Machine': 0}",Printer,3,True
TAR90,Tarragona,56591,43,"{'Laptop': 1, 'Phone': 2, 'Printer': 1, 'Television': 3, 'Washing Machine': 0}",Television,3,True
TAR91,Tarragona,49690,23,"{'Laptop': 0, 'Phone': 3, 'Printer': 2, 'Television': 1, 'Washing Machine': 0}",Phone,3,True
TAR92,Tarragona,67623,22,"{'Laptop': 3, 'Phone': 3, 'Printer': 0, 'Television': 3, 'Washing Machine': 1}",Laptop,3,True
TAR93,Tarragona,56461,60,"{'Laptop': 3, 'Phone': 3, 'Printer': 0, 'Television': 3, 'Washing Machine': 2}",Laptop,3,True
TAR94,Tarragona,65637,65,"{'Laptop': 1, 'Phone': 1, 'Printer': 2, 'Television': 2, 'Washing Machine': 1}",Printer,2,True
TAR95,Tarragona,87096,31,"{'Laptop': 0, 'Phone': 2, 'Printer': 1, 'Television': 0, 'Washing Machine': 0}",Phone,2,False
TAR96,Tarragona,37283,51,"{'Laptop': 1, 'Phone': 0, 'Printer': 1, 'Television': 2, 'Washing Machine': 0}",Television,2,True
TAR97,Tarragona,80286,24,"{'Laptop': 3, 'Phone': 3, 'Printer': 0, 'Television': 0, 'Washing Machine': 3}",Laptop,3,True
TAR98,Tarragona,81531,62,"{'Laptop': 0, 'Phone': 3, 'Printer': 1, 'Television': 0, 'Washing Machine': 1}",Phone,3,True
TAR99,Tarragona,94932,35,"{'Laptop': 3, 'Phone': 2, 'Printer': 0, 'Television': 0, 'Washing Machine': 3}",Laptop,3,True
TAR100,Tarragona,83129,23,"{'Laptop': 1, 'Phone': 1, 'Printer': 2, 'Television': 3, 'Washing Machine': 2}",Television,3,True
